Brenda	Seamon	151.148.153.240	bseamon0@bbc.co.uk	982-674-7597	Female
Joeann	Brotherwood	3.208.12.218	jbrotherwood1@house.gov	275-545-2825	Female
Jake	Duffan	92.29.120.92	jduffan2@google.ru	275-609-0729	Male
Elysee	Leates	37.9.87.193	eleates3@home.pl	570-808-4168	Female
Sansone	Paquet	153.113.72.156	spaquet4@about.com	726-131-4847	Male
Loydie	Trainer	174.185.157.85	ltrainer5@squarespace.com	912-974-5105	Male
Kristien	Grotty	235.112.86.47	kgrotty6@pinterest.com	351-131-8303	Female
Currey	Hilliam	124.95.162.121	chilliam7@amazon.co.jp	938-281-7352	Male
Madge	Lumber	185.139.140.194	mlumber8@reference.com	737-424-9922	Female
Craggy	Huitson	98.89.252.133	chuitson9@free.fr	198-238-7774	Male
Nanice	Trew	79.110.235.250	ntrewa@imgur.com	199-866-6315	Female
Ilario	Ferneyhough	217.248.146.0	iferneyhoughb@jigsy.com	967-153-4550	Male
Weider	Ashling	252.119.218.55	washlingc@slideshare.net	730-103-5861	Male
Alvinia	Crusham	115.66.161.164	acrushamd@flavors.me	464-747-2670	Female
Beck	Lundbeck	141.23.73.4	blundbecke@unblog.fr	473-232-5315	Male
Abe	Adair	123.151.112.135	aadairf@spiegel.de	173-795-8209	Male
Byron	Wilder	187.197.209.35	bwilderg@photobucket.com	424-484-7750	Male
Minne	Currm	93.117.186.106	mcurrmh@shareasale.com	388-383-4977	Female
Barry	Aberkirder	159.251.179.141	baberkirderi@netscape.com	328-526-8012	Male
Raymund	Grzelewski	10.181.152.67	rgrzelewskij@twitpic.com	710-232-3341	Male
Rheba	Proom	39.140.191.204	rproomk@reddit.com	537-744-9215	Female
Tani	Nern	204.225.146.175	tnernl@deviantart.com	343-679-9591	Female
Cullan	Godart	186.121.242.166	cgodartm@reverbnation.com	404-643-4727	Male
Xavier	Bosdet	135.190.231.21	xbosdetn@xing.com	654-476-2559	Male
Katrinka	Tippett	161.212.163.189	ktippetto@webs.com	986-109-0938	Female
Ave	Meneyer	25.207.210.251	ameneyerp@illinois.edu	199-790-8042	Male
Jordan	Hicks	235.158.81.80	jhicksq@amazon.com	340-974-7318	Female
Berkeley	Spoors	126.168.17.125	bspoorsr@answers.com	522-411-1281	Male
Leonelle	Briffett	69.148.166.39	lbriffetts@businessweek.com	874-705-5922	Female
Tarrah	Methringham	177.233.74.185	tmethringhamt@instagram.com	982-223-7617	Female
Moritz	Berry	9.113.66.231	mberryu@businessinsider.com	456-820-5936	Male
Maryl	Schanke	173.97.195.41	mschankev@blog.com	157-781-8516	Female
Lawrence	Goodredge	223.187.82.161	lgoodredgew@tinyurl.com	508-552-8426	Male
Dru	Goaks	233.125.84.114	dgoaksx@timesonline.co.uk	913-814-8741	Female
Neall	Cornuau	207.5.7.194	ncornuauy@about.com	318-716-1850	Male
Meg	Sculley	38.177.239.118	msculleyz@wisc.edu	198-231-8411	Female
Anabelle	Benettolo	229.33.225.141	abenettolo10@dot.gov	148-900-9662	Female
Ilise	Paaso	102.104.7.52	ipaaso11@cdc.gov	544-416-2598	Female
Halimeda	Dowse	230.181.2.132	hdowse12@usatoday.com	353-429-1125	Female
Skye	Placidi	62.58.12.86	splacidi13@dyndns.org	316-568-4160	Male
Roman	Dadswell	21.199.223.169	rdadswell14@newsvine.com	425-256-2700	Male
Carolina	Salsberg	64.248.171.32	csalsberg15@telegraph.co.uk	790-673-7772	Female
Courtenay	Pimmocke	203.46.102.73	cpimmocke16@senate.gov	493-734-9005	Female
Jodee	Vader	29.41.153.196	jvader17@disqus.com	813-496-0519	Female
April	Merton	141.83.220.107	amerton18@jimdo.com	981-114-6637	Female
Emmye	Clitsome	32.229.147.123	eclitsome19@clickbank.net	763-797-9753	Female
Johnath	Melmore	255.63.115.222	jmelmore1a@elpais.com	820-648-4784	Female
Harley	Scotney	253.93.26.47	hscotney1b@soundcloud.com	824-511-8491	Male
Ruddie	Couling	161.20.228.236	rcouling1c@statcounter.com	293-878-6488	Male
Erin	Cowpland	166.80.23.245	ecowpland1d@myspace.com	832-704-8998	Female
